b0x, b0y, b0vx, b0vy,b1x, b1y, b1vx, b1vy,b2x, b2y, b2vx, b2vy
0.958669,0.103974,0.001783,-0.001116,1.982245,-3.520982,0.000062,0.002008,4.616144,0.637346,-0.001845,-0.000892
0.958705,0.103952,0.003566,-0.002232,1.982246,-3.520941,0.000124,0.004016,4.616107,0.637328,-0.003689,-0.001785
0.958758,0.103919,0.005349,-0.003348,1.982248,-3.520881,0.000185,0.006025,4.616052,0.637302,-0.005534,-0.002677
0.958830,0.103874,0.007132,-0.004464,1.982251,-3.520801,0.000247,0.008033,4.615978,0.637266,-0.007379,-0.003569
0.958919,0.103818,0.008915,-0.005580,1.982254,-3.520700,0.000309,0.010042,4.615886,0.637221,-0.009224,-0.004462
0.959026,0.103751,0.010698,-0.006696,1.982257,-3.520580,0.000371,0.012050,4.615775,0.637168,-0.011070,-0.005354
0.959151,0.103673,0.012482,-0.007812,1.982262,-3.520439,0.000433,0.014059,4.615646,0.637105,-0.012915,-0.006247
0.959293,0.103584,0.014266,-0.008929,1.982267,-3.520279,0.000495,0.016069,4.615498,0.637034,-0.014761,-0.007140
0.959454,0.103483,0.016050,-0.010045,1.982272,-3.520098,0.000556,0.018078,4.615332,0.636954,-0.016607,-0.008033
0.959632,0.103372,0.017834,-0.011162,1.982278,-3.519897,0.000618,0.020088,4.615148,0.636864,-0.018453,-0.008926
0.959828,0.103249,0.019618,-0.012279,1.982285,-3.519676,0.000680,0.022098,4.614944,0.636766,-0.020299,-0.009819
0.960042,0.103115,0.021403,-0.013396,1.982293,-3.519435,0.000742,0.024109,4.614723,0.636659,-0.022146,-0.010713
0.960274,0.102970,0.023188,-0.014513,1.982301,-3.519174,0.000804,0.026120,4.614483,0.636543,-0.023994,-0.011606
0.960524,0.102814,0.024974,-0.015631,1.982309,-3.518892,0.000866,0.028131,4.614225,0.636418,-0.025842,-0.012500
0.960792,0.102646,0.026760,-0.016749,1.982319,-3.518591,0.000928,0.030143,4.613948,0.636284,-0.027690,-0.013394
0.961077,0.102467,0.028547,-0.017867,1.982328,-3.518269,0.000990,0.032155,4.613653,0.636141,-0.029539,-0.014289
0.961380,0.102278,0.030333,-0.018985,1.982339,-3.517928,0.001052,0.034168,4.613339,0.635989,-0.031388,-0.015183
0.961702,0.102077,0.032121,-0.020104,1.982350,-3.517566,0.001115,0.036182,4.613007,0.635829,-0.033238,-0.016078
0.962041,0.101864,0.033909,-0.021223,1.982362,-3.517184,0.001177,0.038196,4.612656,0.635659,-0.035088,-0.016973
0.962398,0.101641,0.035697,-0.022342,1.982374,-3.516782,0.001239,0.040211,4.612286,0.635480,-0.036939,-0.017869
0.962772,0.101406,0.037487,-0.023462,1.982387,-3.516359,0.001301,0.042227,4.611898,0.635293,-0.038791,-0.018765
0.963165,0.101160,0.039276,-0.024582,1.982401,-3.515917,0.001364,0.044243,4.611492,0.635096,-0.040644,-0.019661
0.963576,0.100903,0.041067,-0.025702,1.982415,-3.515454,0.001426,0.046260,4.611067,0.634890,-0.042497,-0.020558
0.964004,0.100635,0.042858,-0.026823,1.982430,-3.514971,0.001488,0.048278,4.610623,0.634676,-0.044351,-0.021455
0.964451,0.100356,0.044650,-0.027944,1.982445,-3.514468,0.001551,0.050297,4.610161,0.634452,-0.046205,-0.022352
0.964915,0.100065,0.046443,-0.029066,1.982462,-3.513945,0.001613,0.052317,4.609681,0.634220,-0.048061,-0.023250
0.965398,0.099763,0.048236,-0.030188,1.982478,-3.513402,0.001676,0.054337,4.609181,0.633978,-0.049917,-0.024148
0.965898,0.099450,0.050030,-0.031311,1.982496,-3.512838,0.001739,0.056359,4.608664,0.633728,-0.051774,-0.025047
0.966416,0.099126,0.051825,-0.032434,1.982514,-3.512254,0.001801,0.058381,4.608127,0.633468,-0.053633,-0.025946
0.966953,0.098790,0.053621,-0.033558,1.982532,-3.511650,0.001864,0.060405,4.607572,0.633200,-0.055492,-0.026846
0.967507,0.098443,0.055418,-0.034682,1.982552,-3.511026,0.001927,0.062429,4.606998,0.632923,-0.057352,-0.027746
0.968079,0.098085,0.057216,-0.035807,1.982572,-3.510382,0.001990,0.064455,4.606406,0.632636,-0.059213,-0.028647
0.968669,0.097716,0.059015,-0.036932,1.982592,-3.509717,0.002053,0.066481,4.605795,0.632341,-0.061075,-0.029548
0.969277,0.097335,0.060815,-0.038058,1.982613,-3.509032,0.002116,0.068509,4.605166,0.632036,-0.062939,-0.030450
0.969903,0.096944,0.062615,-0.039185,1.982635,-3.508327,0.002179,0.070538,4.604518,0.631723,-0.064803,-0.031353
0.970547,0.096540,0.064417,-0.040312,1.982657,-3.507601,0.002242,0.072569,4.603851,0.631400,-0.066669,-0.032256
0.971210,0.096126,0.066220,-0.041440,1.982680,-3.506855,0.002305,0.074600,4.603166,0.631068,-0.068535,-0.033159
0.971890,0.095700,0.068024,-0.042569,1.982704,-3.506088,0.002369,0.076633,4.602462,0.630728,-0.070403,-0.034064
0.972588,0.095263,0.069830,-0.043698,1.982728,-3.505302,0.002432,0.078667,4.601739,0.630378,-0.072273,-0.034968
0.973305,0.094815,0.071636,-0.044828,1.982753,-3.504495,0.002496,0.080703,4.600998,0.630019,-0.074143,-0.035874
0.974039,0.094355,0.073444,-0.045959,1.982779,-3.503667,0.002559,0.082740,4.600238,0.629651,-0.076015,-0.036780
0.974792,0.093885,0.075253,-0.047090,1.982805,-3.502820,0.002623,0.084778,4.599459,0.629275,-0.077888,-0.037687
0.975562,0.093402,0.077063,-0.048222,1.982832,-3.501951,0.002687,0.086818,4.598661,0.628889,-0.079763,-0.038595
0.976351,0.092909,0.078874,-0.049355,1.982860,-3.501063,0.002751,0.088860,4.597845,0.628494,-0.081639,-0.039503
0.977158,0.092404,0.080687,-0.050489,1.982888,-3.500154,0.002815,0.090903,4.597010,0.628089,-0.083516,-0.040412
0.977983,0.091888,0.082502,-0.051624,1.982916,-3.499224,0.002879,0.092948,4.596156,0.627676,-0.085395,-0.041322
0.978826,0.091360,0.084317,-0.052759,1.982946,-3.498274,0.002943,0.094994,4.595284,0.627254,-0.087276,-0.042233
0.979687,0.090821,0.086134,-0.053896,1.982976,-3.497304,0.003007,0.097042,4.594392,0.626822,-0.089158,-0.043144
0.980567,0.090271,0.087953,-0.055033,1.983007,-3.496313,0.003072,0.099091,4.593482,0.626382,-0.091042,-0.044057
0.981465,0.089709,0.089773,-0.056171,1.983038,-3.495302,0.003136,0.101143,4.592552,0.625932,-0.092927,-0.044970
0.982380,0.089136,0.091595,-0.057310,1.983070,-3.494270,0.003201,0.103196,4.591604,0.625473,-0.094814,-0.045884
0.983315,0.088551,0.093418,-0.058450,1.983103,-3.493217,0.003266,0.105251,4.590637,0.625005,-0.096703,-0.046799
0.984267,0.087956,0.095243,-0.059591,1.983136,-3.492144,0.003331,0.107308,4.589651,0.624528,-0.098594,-0.047715
0.985238,0.087348,0.097070,-0.060733,1.983170,-3.491050,0.003396,0.109367,4.588646,0.624042,-0.100486,-0.048632
0.986227,0.086729,0.098898,-0.061876,1.983205,-3.489936,0.003461,0.111427,4.587623,0.623546,-0.102380,-0.049549
0.987234,0.086099,0.100728,-0.063020,1.983240,-3.488801,0.003526,0.113490,4.586580,0.623042,-0.104276,-0.050468
0.988260,0.085458,0.102560,-0.064165,1.983276,-3.487646,0.003591,0.115555,4.585518,0.622528,-0.106174,-0.051387
0.989304,0.084804,0.104393,-0.065311,1.983312,-3.486470,0.003657,0.117622,4.584437,0.622005,-0.108074,-0.052308
0.990366,0.084140,0.106228,-0.066459,1.983350,-3.485273,0.003723,0.119691,4.583338,0.621472,-0.109976,-0.053230
0.991446,0.083464,0.108066,-0.067607,1.983387,-3.484055,0.003788,0.121762,4.582219,0.620931,-0.111879,-0.054152
0.992546,0.082776,0.109905,-0.068756,1.983426,-3.482817,0.003854,0.123835,4.581081,0.620380,-0.113785,-0.055076
0.993663,0.082077,0.111746,-0.069907,1.983465,-3.481558,0.003920,0.125910,4.579925,0.619820,-0.115693,-0.056001
0.994799,0.081367,0.113589,-0.071059,1.983505,-3.480278,0.003987,0.127988,4.578749,0.619251,-0.117603,-0.056927
0.995953,0.080645,0.115433,-0.072212,1.983546,-3.478977,0.004053,0.130068,4.577554,0.618672,-0.119516,-0.057854
0.997126,0.079911,0.117280,-0.073366,1.983587,-3.477656,0.004120,0.132150,4.576339,0.618085,-0.121430,-0.058782
0.998317,0.079166,0.119129,-0.074521,1.983629,-3.476313,0.004186,0.134235,4.575106,0.617487,-0.123347,-0.059711
0.999527,0.078409,0.120981,-0.075678,1.983671,-3.474950,0.004253,0.136322,4.573853,0.616881,-0.125266,-0.060641
1.000755,0.077641,0.122834,-0.076836,1.983714,-3.473566,0.004320,0.138412,4.572581,0.616265,-0.127187,-0.061573
1.002002,0.076861,0.124689,-0.077995,1.983758,-3.472161,0.004387,0.140504,4.571290,0.615640,-0.129111,-0.062506
1.003268,0.076069,0.126547,-0.079155,1.983803,-3.470735,0.004455,0.142599,4.569980,0.615006,-0.131037,-0.063440
1.004552,0.075266,0.128407,-0.080317,1.983848,-3.469288,0.004522,0.144696,4.568650,0.614362,-0.132965,-0.064375
1.005855,0.074451,0.130269,-0.081480,1.983894,-3.467820,0.004590,0.146796,4.567301,0.613709,-0.134896,-0.065312
1.007176,0.073625,0.132134,-0.082645,1.983940,-3.466331,0.004658,0.148898,4.565933,0.613047,-0.136830,-0.066250
1.008516,0.072786,0.134001,-0.083811,1.983988,-3.464821,0.004726,0.151004,4.564545,0.612375,-0.138766,-0.067189
1.009875,0.071937,0.135870,-0.084978,1.984036,-3.463290,0.004794,0.153112,4.563138,0.611693,-0.140704,-0.068130
1.011252,0.071075,0.137742,-0.086147,1.984084,-3.461738,0.004862,0.155223,4.561712,0.611003,-0.142645,-0.069072
1.012648,0.070202,0.139616,-0.087318,1.984134,-3.460164,0.004931,0.157336,4.560266,0.610302,-0.144589,-0.070015
1.014063,0.069317,0.141493,-0.088489,1.984184,-3.458570,0.005000,0.159453,4.558801,0.609593,-0.146536,-0.070960
1.015497,0.068421,0.143372,-0.089663,1.984234,-3.456954,0.005069,0.161573,4.557316,0.608874,-0.148485,-0.071906
1.016950,0.067512,0.145254,-0.090838,1.984286,-3.455317,0.005138,0.163695,4.555811,0.608145,-0.150438,-0.072853
1.018421,0.066592,0.147138,-0.092014,1.984338,-3.453659,0.005207,0.165821,4.554287,0.607407,-0.152393,-0.073802
1.019911,0.065660,0.149026,-0.093192,1.984390,-3.451979,0.005277,0.167950,4.552744,0.606660,-0.154351,-0.074753
1.021420,0.064716,0.150916,-0.094372,1.984444,-3.450279,0.005347,0.170081,4.551181,0.605903,-0.156312,-0.075705
1.022949,0.063761,0.152808,-0.095553,1.984498,-3.448556,0.005417,0.172216,4.549598,0.605136,-0.158276,-0.076659
1.024495,0.062793,0.154704,-0.096736,1.984553,-3.446813,0.005487,0.174355,4.547996,0.604360,-0.160243,-0.077614
1.026062,0.061814,0.156602,-0.097921,1.984609,-3.445048,0.005557,0.176496,4.546373,0.603574,-0.162213,-0.078571
1.027647,0.060823,0.158503,-0.099107,1.984665,-3.443261,0.005628,0.178641,4.544732,0.602779,-0.164186,-0.079529
1.029251,0.059820,0.160407,-0.100295,1.984722,-3.441453,0.005699,0.180789,4.543070,0.601974,-0.166162,-0.080489
1.030874,0.058805,0.162314,-0.101485,1.984779,-3.439624,0.005770,0.182941,4.541389,0.601160,-0.168142,-0.081451
1.032516,0.057779,0.164224,-0.102677,1.984838,-3.437773,0.005841,0.185096,4.539687,0.600335,-0.170124,-0.082414
1.034177,0.056740,0.166137,-0.103870,1.984897,-3.435901,0.005913,0.187254,4.537966,0.599502,-0.172110,-0.083379
1.035858,0.055689,0.168053,-0.105065,1.984957,-3.434006,0.005985,0.189416,4.536225,0.598658,-0.174100,-0.084346
1.037558,0.054627,0.169973,-0.106262,1.985017,-3.432091,0.006057,0.191582,4.534464,0.597805,-0.176093,-0.085314
1.039277,0.053552,0.171895,-0.107461,1.985079,-3.430153,0.006129,0.193752,4.532683,0.596942,-0.178089,-0.086285
1.041015,0.052465,0.173821,-0.108662,1.985141,-3.428194,0.006202,0.195925,4.530882,0.596070,-0.180088,-0.087257
1.042772,0.051367,0.175750,-0.109865,1.985203,-3.426213,0.006275,0.198102,4.529061,0.595187,-0.182092,-0.088231
1.044549,0.050256,0.177682,-0.111070,1.985267,-3.424210,0.006348,0.200282,4.527220,0.594295,-0.184099,-0.089207
1.046345,0.049133,0.179617,-0.112276,1.985331,-3.422185,0.006421,0.202467,4.525359,0.593393,-0.186109,-0.090184
1.048161,0.047998,0.181556,-0.113485,1.985396,-3.420139,0.006495,0.204655,4.523478,0.592482,-0.188123,-0.091164
1.049996,0.046851,0.183499,-0.114696,1.985462,-3.418070,0.006569,0.206848,4.521576,0.591560,-0.190141,-0.092145
0.325302,4.147479,0.916714,0.037747,-1.494882,1.754691,0.078216,-0.439267,0.283019,-0.929404,0.292677,-0.183617
0.334457,4.147832,0.915422,0.035292,-1.494077,1.750299,0.080529,-0.439138,0.285935,-0.931217,0.291654,-0.181297
0.343598,4.148160,0.914134,0.032849,-1.493249,1.745909,0.082840,-0.439020,0.288842,-0.933007,0.290629,-0.178978
0.352726,4.148465,0.912850,0.030417,-1.492397,1.741520,0.085147,-0.438913,0.291738,-0.934773,0.289603,-0.176660
0.361842,4.148745,0.911570,0.027996,-1.491523,1.737131,0.087451,-0.438816,0.294624,-0.936517,0.288575,-0.174342
0.370945,4.149001,0.910294,0.025587,-1.490625,1.732744,0.089753,-0.438730,0.297499,-0.938237,0.287546,-0.172025
0.380035,4.149232,0.909023,0.023189,-1.489705,1.728358,0.092052,-0.438654,0.300364,-0.939934,0.286516,-0.169708
0.389113,4.149440,0.907755,0.020802,-1.488761,1.723972,0.094348,-0.438589,0.303219,-0.941608,0.285485,-0.167392
0.398178,4.149624,0.906491,0.018426,-1.487795,1.719586,0.096642,-0.438533,0.306064,-0.943259,0.284452,-0.165076
0.407230,4.149785,0.905231,0.016061,-1.486805,1.715202,0.098933,-0.438488,0.308898,-0.944886,0.283418,-0.162761
0.416270,4.149922,0.903975,0.013706,-1.485793,1.710817,0.101222,-0.438454,0.311722,-0.946491,0.282383,-0.160446
0.425297,4.150035,0.902722,0.011361,-1.484758,1.706433,0.103508,-0.438429,0.314535,-0.948072,0.281346,-0.158132
0.434312,4.150126,0.901474,0.009027,-1.483700,1.702049,0.105792,-0.438413,0.317338,-0.949630,0.280308,-0.155817
0.443314,4.150193,0.900229,0.006703,-1.482620,1.697665,0.108074,-0.438408,0.320131,-0.951165,0.279268,-0.153503
0.452304,4.150237,0.898988,0.004389,-1.481516,1.693280,0.110353,-0.438413,0.322913,-0.952677,0.278227,-0.151190
0.461281,4.150258,0.897750,0.002085,-1.480390,1.688896,0.112630,-0.438427,0.325685,-0.954166,0.277185,-0.148876
0.470247,4.150256,0.896517,-0.000210,-1.479241,1.684512,0.114905,-0.438450,0.328446,-0.955632,0.276140,-0.146563
0.479199,4.150231,0.895286,-0.002495,-1.478069,1.680127,0.117178,-0.438483,0.331197,-0.957074,0.275095,-0.144249
0.488140,4.150183,0.894060,-0.004770,-1.476874,1.675742,0.119449,-0.438525,0.333938,-0.958493,0.274048,-0.141936
0.497068,4.150113,0.892837,-0.007036,-1.475657,1.671356,0.121718,-0.438577,0.336668,-0.959890,0.272999,-0.139623
0.505985,4.150020,0.891617,-0.009293,-1.474417,1.666969,0.123985,-0.438638,0.339387,-0.961263,0.271949,-0.137309
0.514889,4.149904,0.890401,-0.011541,-1.473155,1.662582,0.126251,-0.438708,0.342096,-0.962613,0.270897,-0.134996
0.523780,4.149766,0.889188,-0.013779,-1.471870,1.658194,0.128514,-0.438787,0.344795,-0.963939,0.269843,-0.132682
0.532660,4.149606,0.887978,-0.016009,-1.470562,1.653806,0.130776,-0.438875,0.347482,-0.965243,0.268788,-0.130368
0.541528,4.149424,0.886772,-0.018230,-1.469231,1.649416,0.133036,-0.438972,0.350160,-0.966524,0.267731,-0.128054
0.550384,4.149220,0.885569,-0.020442,-1.467879,1.645025,0.135295,-0.439078,0.352826,-0.967781,0.266673,-0.125739
0.559227,4.148993,0.884370,-0.022646,-1.466503,1.640633,0.137551,-0.439193,0.355483,-0.969015,0.265612,-0.123424
0.568059,4.148745,0.883173,-0.024841,-1.465105,1.636240,0.139807,-0.439317,0.358128,-0.970226,0.264550,-0.121109
0.576879,4.148474,0.881980,-0.027028,-1.463684,1.631845,0.142061,-0.439449,0.360763,-0.971414,0.263486,-0.118793
0.585687,4.148182,0.880790,-0.029207,-1.462241,1.627450,0.144314,-0.439590,0.363387,-0.972579,0.262421,-0.116477
0.594483,4.147868,0.879603,-0.031378,-1.460775,1.623052,0.146565,-0.439739,0.366001,-0.973721,0.261353,-0.114160
0.603267,4.147533,0.878420,-0.033540,-1.459287,1.618653,0.148815,-0.439897,0.368604,-0.974839,0.260284,-0.111843
0.612039,4.147176,0.877239,-0.035695,-1.457777,1.614253,0.151064,-0.440063,0.371196,-0.975934,0.259213,-0.109525
0.620800,4.146797,0.876061,-0.037842,-1.456244,1.609850,0.153312,-0.440238,0.373777,-0.977006,0.258140,-0.107206
0.629549,4.146398,0.874887,-0.039981,-1.454688,1.605446,0.155559,-0.440422,0.376348,-0.978055,0.257065,-0.104887
0.638286,4.145977,0.873715,-0.042113,-1.453110,1.601040,0.157805,-0.440613,0.378908,-0.979081,0.255988,-0.102566
0.647012,4.145534,0.872546,-0.044237,-1.451509,1.596632,0.160049,-0.440813,0.381457,-0.980083,0.254909,-0.100245
0.655725,4.145071,0.871380,-0.046353,-1.449886,1.592221,0.162293,-0.441021,0.383995,-0.981063,0.253828,-0.097923
0.664428,4.144586,0.870217,-0.048463,-1.448241,1.587809,0.164536,-0.441237,0.386522,-0.982019,0.252745,-0.095600
0.673118,4.144081,0.869057,-0.050565,-1.446573,1.583395,0.166779,-0.441461,0.389039,-0.982951,0.251660,-0.093276
0.681797,4.143554,0.867900,-0.052660,-1.444883,1.578978,0.169020,-0.441694,0.391545,-0.983861,0.250573,-0.090952
0.690465,4.143007,0.866745,-0.054747,-1.443171,1.574558,0.171261,-0.441934,0.394040,-0.984747,0.249484,-0.088625
0.699120,4.142438,0.865593,-0.056828,-1.441436,1.570136,0.173501,-0.442183,0.396523,-0.985610,0.248392,-0.086298
0.707765,4.141850,0.864444,-0.058902,-1.439678,1.565712,0.175741,-0.442440,0.398996,-0.986450,0.247299,-0.083970
0.716398,4.141240,0.863297,-0.060970,-1.437899,1.561285,0.177980,-0.442704,0.401459,-0.987266,0.246203,-0.081640
0.725019,4.140609,0.862154,-0.063030,-1.436096,1.556855,0.180219,-0.442976,0.403910,-0.988059,0.245105,-0.079310
0.733630,4.139958,0.861012,-0.065084,-1.434272,1.552423,0.182458,-0.443257,0.406350,-0.988829,0.244004,-0.076977
0.742228,4.139287,0.859874,-0.067131,-1.432425,1.547987,0.184696,-0.443545,0.408779,-0.989576,0.242902,-0.074644
0.750816,4.138595,0.858738,-0.069172,-1.430555,1.543549,0.186934,-0.443841,0.411197,-0.990299,0.241797,-0.072309
0.759392,4.137883,0.857604,-0.071207,-1.428664,1.539107,0.189172,-0.444144,0.413603,-0.990998,0.240689,-0.069972
0.767956,4.137151,0.856473,-0.073235,-1.426750,1.534663,0.191409,-0.444456,0.415999,-0.991675,0.239580,-0.067634
0.776510,4.136398,0.855345,-0.075257,-1.424813,1.530215,0.193647,-0.444775,0.418384,-0.992328,0.238467,-0.065294
0.785052,4.135625,0.854218,-0.077273,-1.422854,1.525764,0.195885,-0.445102,0.420757,-0.992957,0.237353,-0.062953
0.793583,4.134832,0.853095,-0.079283,-1.420873,1.521309,0.198122,-0.445437,0.423120,-0.993563,0.236236,-0.060610
0.802103,4.134019,0.851974,-0.081287,-1.418869,1.516852,0.200360,-0.445779,0.425471,-0.994146,0.235116,-0.058265
0.810611,4.133186,0.850855,-0.083285,-1.416844,1.512390,0.202598,-0.446129,0.427811,-0.994705,0.233994,-0.055919
0.819109,4.132334,0.849738,-0.085277,-1.414795,1.507926,0.204836,-0.446487,0.430140,-0.995241,0.232869,-0.053570
0.827595,4.131461,0.848624,-0.087263,-1.412724,1.503457,0.207075,-0.446852,0.432457,-0.995753,0.231742,-0.051220
0.836070,4.130569,0.847512,-0.089244,-1.410631,1.498985,0.209314,-0.447225,0.434763,-0.996242,0.230612,-0.048867
0.844534,4.129656,0.846402,-0.091219,-1.408516,1.494509,0.211553,-0.447605,0.437058,-0.996707,0.229479,-0.046513
0.852987,4.128725,0.845295,-0.093188,-1.406378,1.490029,0.213793,-0.447993,0.439341,-0.997149,0.228343,-0.044156
0.861429,4.127773,0.844190,-0.095152,-1.404217,1.485545,0.216033,-0.448388,0.441613,-0.997566,0.227205,-0.041798
0.869860,4.126802,0.843087,-0.097111,-1.402035,1.481057,0.218274,-0.448791,0.443874,-0.997961,0.226064,-0.039437
0.878279,4.125811,0.841986,-0.099064,-1.399830,1.476565,0.220516,-0.449202,0.446123,-0.998332,0.224920,-0.037074
0.886688,4.124801,0.840887,-0.101012,-1.397602,1.472069,0.222758,-0.449620,0.448361,-0.998679,0.223773,-0.034708
0.895086,4.123772,0.839790,-0.102955,-1.395352,1.467568,0.225002,-0.450045,0.450587,-0.999002,0.222623,-0.032341
0.903473,4.122723,0.838696,-0.104893,-1.393080,1.463063,0.227246,-0.450478,0.452802,-0.999302,0.221470,-0.029970
0.911849,4.121655,0.837603,-0.106826,-1.390785,1.458554,0.229491,-0.450919,0.455005,-0.999578,0.220314,-0.027598
0.920214,4.120567,0.836512,-0.108753,-1.388467,1.454041,0.231737,-0.451367,0.457197,-0.999830,0.219155,-0.025222
0.928569,4.119460,0.835424,-0.110676,-1.386127,1.449522,0.233984,-0.451822,0.459376,-1.000058,0.217993,-0.022845
0.936912,4.118334,0.834337,-0.112594,-1.383765,1.444999,0.236232,-0.452285,0.461545,-1.000263,0.216828,-0.020464
0.945244,4.117189,0.833253,-0.114507,-1.381380,1.440472,0.238482,-0.452756,0.463701,-1.000444,0.215660,-0.018081
0.953566,4.116025,0.832170,-0.116415,-1.378973,1.435940,0.240733,-0.453233,0.465846,-1.000601,0.214489,-0.015695
0.961877,4.114842,0.831089,-0.118318,-1.376543,1.431402,0.242985,-0.453719,0.467979,-1.000734,0.213314,-0.013306
0.970177,4.113640,0.830010,-0.120217,-1.374091,1.426860,0.245238,-0.454211,0.470101,-1.000843,0.212136,-0.010914
0.978467,4.112419,0.828933,-0.122112,-1.371616,1.422313,0.247493,-0.454712,0.472210,-1.000928,0.210955,-0.008520
0.986745,4.111179,0.827858,-0.124001,-1.369118,1.417761,0.249750,-0.455219,0.474308,-1.000990,0.209770,-0.006122
0.995013,4.109921,0.826784,-0.125887,-1.366598,1.413203,0.252008,-0.455735,0.476394,-1.001027,0.208582,-0.003721
1.003270,4.108643,0.825713,-0.127768,-1.364055,1.408641,0.254268,-0.456257,0.478468,-1.001040,0.207390,-0.001317
1.011516,4.107347,0.824643,-0.129644,-1.361490,1.404073,0.256529,-0.456787,0.480530,-1.001029,0.206195,0.001090
1.019752,4.106031,0.823575,-0.131517,-1.358902,1.399500,0.258793,-0.457325,0.482580,-1.000994,0.204996,0.003501
1.027977,4.104698,0.822508,-0.133385,-1.356292,1.394921,0.261058,-0.457870,0.484618,-1.000935,0.203793,0.005915
1.036192,4.103345,0.821443,-0.135249,-1.353658,1.390337,0.263325,-0.458423,0.486643,-1.000852,0.202587,0.008332
1.044395,4.101974,0.820380,-0.137109,-1.351002,1.385747,0.265595,-0.458983,0.488657,-1.000744,0.201378,0.010753
1.052589,4.100585,0.819319,-0.138964,-1.348324,1.381152,0.267866,-0.459550,0.490659,-1.000612,0.200164,0.013177
1.060771,4.099177,0.818259,-0.140816,-1.345622,1.376550,0.270140,-0.460126,0.492648,-1.000456,0.198946,0.015605
1.068943,4.097750,0.817201,-0.142664,-1.342898,1.371943,0.272416,-0.460708,0.494626,-1.000276,0.197725,0.018036
1.077105,4.096305,0.816144,-0.144508,-1.340151,1.367330,0.274694,-0.461299,0.496591,-1.000071,0.196500,0.020472
1.085256,4.094841,0.815089,-0.146348,-1.337382,1.362711,0.276974,-0.461897,0.498543,-0.999842,0.195271,0.022911
1.093396,4.093359,0.814035,-0.148184,-1.334589,1.358086,0.279257,-0.462502,0.500484,-0.999589,0.194037,0.025354
1.101526,4.091859,0.812983,-0.150017,-1.331774,1.353455,0.281543,-0.463116,0.502412,-0.999311,0.192800,0.027801
1.109645,4.090341,0.811933,-0.151846,-1.328935,1.348818,0.283831,-0.463736,0.504327,-0.999008,0.191559,0.030252
1.117754,4.088804,0.810884,-0.153671,-1.326074,1.344174,0.286122,-0.464365,0.506230,-0.998681,0.190313,0.032707
1.125852,4.087249,0.809836,-0.155492,-1.323190,1.339524,0.288416,-0.465001,0.508121,-0.998329,0.189063,0.035166
1.133940,4.085676,0.808790,-0.157310,-1.320283,1.334867,0.290713,-0.465645,0.509999,-0.997953,0.187809,0.037630
1.142018,4.084085,0.807745,-0.159125,-1.317353,1.330204,0.293012,-0.466297,0.511864,-0.997552,0.186550,0.040098
1.150085,4.082476,0.806701,-0.160936,-1.314399,1.325535,0.295315,-0.466956,0.513717,-0.997126,0.185287,0.042570
1.158141,4.080848,0.805659,-0.162744,-1.311423,1.320859,0.297620,-0.467623,0.515558,-0.996676,0.184019,0.045047
1.166188,4.079203,0.804618,-0.164548,-1.308424,1.316176,0.299929,-0.468298,0.517385,-0.996201,0.182747,0.047528
1.174223,4.077539,0.803579,-0.166349,-1.305401,1.311486,0.302242,-0.468981,0.519200,-0.995700,0.181470,0.050014
-1.760220,-4.205372,-0.351045,0.154635,-0.414378,-3.905961,0.780185,0.961966,-0.285381,-0.408833,-0.006680,0.518911
-1.763641,-4.203796,-0.342086,0.157632,-0.406661,-3.896344,0.771738,0.961672,-0.285452,-0.403671,-0.007164,0.516220
-1.766974,-4.202189,-0.333262,0.160631,-0.399027,-3.886731,0.763421,0.961377,-0.285529,-0.398536,-0.007643,0.513528
-1.770219,-4.200553,-0.324569,0.163631,-0.391474,-3.877120,0.755231,0.961083,-0.285610,-0.393428,-0.008119,0.510834
-1.773379,-4.198886,-0.316003,0.166632,-0.384003,-3.867512,0.747162,0.960789,-0.285696,-0.388346,-0.008591,0.508138
-1.776455,-4.197190,-0.307560,0.169633,-0.376611,-3.857907,0.739210,0.960496,-0.285787,-0.383292,-0.009059,0.505439
-1.779447,-4.195464,-0.299237,0.172634,-0.369297,-3.848305,0.731373,0.960205,-0.285882,-0.378264,-0.009524,0.502739
-1.782358,-4.193708,-0.291029,0.175634,-0.362061,-3.838706,0.723647,0.959916,-0.285982,-0.373264,-0.009985,0.500037
-1.785187,-4.191922,-0.282933,0.178634,-0.354900,-3.829109,0.716027,0.959630,-0.286086,-0.368291,-0.010442,0.497333
-1.787936,-4.190105,-0.274945,0.181632,-0.347815,-3.819516,0.708511,0.959346,-0.286195,-0.363344,-0.010895,0.494626
-1.790607,-4.188259,-0.267063,0.184630,-0.340804,-3.809925,0.701096,0.959066,-0.286309,-0.358425,-0.011345,0.491917
-1.793200,-4.186383,-0.259284,0.187625,-0.333866,-3.800337,0.693778,0.958789,-0.286426,-0.353533,-0.011791,0.489206
-1.795716,-4.184476,-0.251603,0.190619,-0.327001,-3.790752,0.686555,0.958517,-0.286549,-0.348668,-0.012234,0.486492
-1.798156,-4.182540,-0.244019,0.193610,-0.320207,-3.781170,0.679424,0.958248,-0.286675,-0.343831,-0.012672,0.483775
-1.800521,-4.180574,-0.236529,0.196600,-0.313483,-3.771590,0.672381,0.957984,-0.286807,-0.339020,-0.013107,0.481056
-1.802813,-4.178578,-0.229129,0.199587,-0.306828,-3.762012,0.665425,0.957724,-0.286942,-0.334237,-0.013539,0.478334
-1.805031,-4.176553,-0.221818,0.202572,-0.300243,-3.752438,0.658553,0.957469,-0.287082,-0.329481,-0.013966,0.475610
-1.807177,-4.174497,-0.214593,0.205554,-0.293725,-3.742866,0.651762,0.957219,-0.287226,-0.324752,-0.014391,0.472883
-1.809251,-4.172412,-0.207451,0.208534,-0.287275,-3.733296,0.645051,0.956974,-0.287374,-0.320050,-0.014811,0.470152
-1.811255,-4.170297,-0.200391,0.211511,-0.280891,-3.723729,0.638416,0.956735,-0.287526,-0.315376,-0.015228,0.467419
-1.813189,-4.168152,-0.193409,0.214485,-0.274572,-3.714164,0.631856,0.956500,-0.287682,-0.310729,-0.015641,0.464683
-1.815054,-4.165977,-0.186505,0.217457,-0.268318,-3.704601,0.625368,0.956272,-0.287843,-0.306110,-0.016051,0.461943
-1.816851,-4.163773,-0.179675,0.220426,-0.262129,-3.695040,0.618951,0.956049,-0.288007,-0.301518,-0.016457,0.459201
-1.818580,-4.161539,-0.172918,0.223392,-0.256003,-3.685482,0.612603,0.955831,-0.288176,-0.296953,-0.016859,0.456455
-1.820242,-4.159276,-0.166232,0.226355,-0.249940,-3.675926,0.606321,0.955620,-0.288349,-0.292416,-0.017258,0.453706
-1.821839,-4.156982,-0.159616,0.229315,-0.243939,-3.666372,0.600105,0.955414,-0.288525,-0.287907,-0.017653,0.450953
-1.823369,-4.154660,-0.153066,0.232273,-0.237999,-3.656819,0.593951,0.955214,-0.288706,-0.283425,-0.018045,0.448197
-1.824835,-4.152308,-0.146582,0.235228,-0.232121,-3.647269,0.587859,0.955020,-0.288890,-0.278970,-0.018433,0.445437
-1.826237,-4.149926,-0.140162,0.238180,-0.226302,-3.637721,0.581827,0.954833,-0.289078,-0.274543,-0.018818,0.442674
-1.827575,-4.147514,-0.133804,0.241129,-0.220544,-3.628174,0.575853,0.954651,-0.289270,-0.270144,-0.019199,0.439907
-1.828850,-4.145073,-0.127507,0.244076,-0.214844,-3.618629,0.569935,0.954476,-0.289466,-0.265773,-0.019576,0.437136
-1.830063,-4.142603,-0.121269,0.247020,-0.209204,-3.609086,0.564073,0.954307,-0.289665,-0.261429,-0.019950,0.434361
-1.831213,-4.140104,-0.115089,0.249961,-0.203621,-3.599545,0.558264,0.954144,-0.289868,-0.257114,-0.020320,0.431582
-1.832303,-4.137575,-0.108966,0.252900,-0.198096,-3.590005,0.552508,0.953987,-0.290075,-0.252826,-0.020687,0.428800
-1.833332,-4.135016,-0.102897,0.255837,-0.192628,-3.580467,0.546803,0.953837,-0.290286,-0.248566,-0.021050,0.426013
-1.834301,-4.132429,-0.096881,0.258771,-0.187216,-3.570930,0.541147,0.953692,-0.290500,-0.244333,-0.021410,0.423222
-1.835210,-4.129812,-0.090918,0.261703,-0.181861,-3.561394,0.535540,0.953555,-0.290718,-0.240129,-0.021766,0.420426
-1.836060,-4.127165,-0.085007,0.264633,-0.176561,-3.551860,0.529980,0.953423,-0.290939,-0.235953,-0.022119,0.417627
-1.836852,-4.124490,-0.079145,0.267560,-0.171317,-3.542327,0.524466,0.953298,-0.291163,-0.231805,-0.022468,0.414823
-1.837585,-4.121785,-0.073331,0.270485,-0.166127,-3.532795,0.518997,0.953179,-0.291392,-0.227684,-0.022814,0.412014
-1.838261,-4.119051,-0.067565,0.273409,-0.160991,-3.523265,0.513571,0.953066,-0.291623,-0.223592,-0.023156,0.409201
-1.838879,-4.116288,-0.061846,0.276330,-0.155909,-3.513735,0.508188,0.952960,-0.291858,-0.219529,-0.023495,0.406383
-1.839441,-4.113495,-0.056172,0.279250,-0.150881,-3.504206,0.502847,0.952859,-0.292096,-0.215493,-0.023830,0.403560
-1.839946,-4.110674,-0.050542,0.282168,-0.145905,-3.494679,0.497546,0.952766,-0.292338,-0.211486,-0.024162,0.400733
-1.840396,-4.107823,-0.044956,0.285084,-0.140982,-3.485152,0.492284,0.952678,-0.292583,-0.207507,-0.024490,0.397900
-1.840790,-4.104943,-0.039411,0.287999,-0.136112,-3.475626,0.487061,0.952597,-0.292831,-0.203556,-0.024815,0.395063
-1.841129,-4.102034,-0.033909,0.290912,-0.131293,-3.466101,0.481876,0.952522,-0.293082,-0.199634,-0.025136,0.392221
-1.841413,-4.099095,-0.028446,0.293824,-0.126526,-3.456576,0.476727,0.952453,-0.293337,-0.195740,-0.025454,0.389373
-1.841643,-4.096128,-0.023023,0.296735,-0.121809,-3.447052,0.471614,0.952390,-0.293595,-0.191875,-0.025768,0.386520
-1.841820,-4.093132,-0.017639,0.299645,-0.117144,-3.437529,0.466536,0.952334,-0.293855,-0.188038,-0.026079,0.383662
-1.841943,-4.090106,-0.012292,0.302553,-0.112529,-3.428006,0.461491,0.952284,-0.294119,-0.184230,-0.026386,0.380798
-1.842013,-4.087051,-0.006982,0.305461,-0.107964,-3.418483,0.456480,0.952240,-0.294386,-0.180451,-0.026690,0.377929
-1.842030,-4.083968,-0.001709,0.308368,-0.103449,-3.408962,0.451501,0.952202,-0.294656,-0.176700,-0.026990,0.375055
-1.841994,-4.080855,0.003530,0.311274,-0.098984,-3.399440,0.446554,0.952170,-0.294929,-0.172979,-0.027287,0.372174
-1.841907,-4.077713,0.008734,0.314180,-0.094567,-3.389918,0.441638,0.952145,-0.295205,-0.169286,-0.027581,0.369288
-1.841768,-4.074542,0.013904,0.317085,-0.090200,-3.380397,0.436752,0.952125,-0.295484,-0.165622,-0.027871,0.366396
-1.841578,-4.071342,0.019041,0.319990,-0.085881,-3.370876,0.431895,0.952112,-0.295765,-0.161987,-0.028157,0.363498
-1.841336,-4.068113,0.024146,0.322894,-0.081610,-3.361355,0.427066,0.952104,-0.296050,-0.158381,-0.028440,0.360594
-1.841044,-4.064855,0.029219,0.325799,-0.077388,-3.351834,0.422266,0.952103,-0.296337,-0.154804,-0.028719,0.357684
-1.840701,-4.061568,0.034261,0.328703,-0.073213,-3.342313,0.417492,0.952108,-0.296627,-0.151256,-0.028995,0.354768
-1.840309,-4.058252,0.039273,0.331608,-0.069085,-3.332792,0.412746,0.952118,-0.296919,-0.147738,-0.029268,0.351845
-1.839866,-4.054907,0.044256,0.334512,-0.065005,-3.323271,0.408025,0.952135,-0.297215,-0.144249,-0.029537,0.348916
-1.839374,-4.051533,0.049209,0.337417,-0.060972,-3.313749,0.403330,0.952158,-0.297513,-0.140789,-0.029803,0.345980
-1.838833,-4.048130,0.054134,0.340323,-0.056985,-3.304227,0.398659,0.952186,-0.297813,-0.137359,-0.030065,0.343038
-1.838243,-4.044698,0.059031,0.343229,-0.053045,-3.294705,0.394012,0.952220,-0.298117,-0.133958,-0.030323,0.340089
-1.837604,-4.041236,0.063902,0.346136,-0.049151,-3.285182,0.389389,0.952261,-0.298422,-0.130586,-0.030578,0.337133
-1.836916,-4.037746,0.068745,0.349043,-0.045303,-3.275659,0.384789,0.952307,-0.298731,-0.127245,-0.030830,0.334171
-1.836180,-4.034226,0.073563,0.351952,-0.041501,-3.266135,0.380211,0.952359,-0.299042,-0.123933,-0.031078,0.331201
-1.835397,-4.030678,0.078355,0.354862,-0.037745,-3.256611,0.375655,0.952416,-0.299355,-0.120651,-0.031323,0.328224
-1.834566,-4.027100,0.083122,0.357772,-0.034033,-3.247087,0.371120,0.952480,-0.299670,-0.117398,-0.031564,0.325240
-1.833687,-4.023493,0.087865,0.360685,-0.030367,-3.237561,0.366606,0.952549,-0.299988,-0.114176,-0.031801,0.322249
-1.832761,-4.019857,0.092584,0.363598,-0.026746,-3.228035,0.362112,0.952624,-0.300309,-0.110983,-0.032036,0.319250
-1.831788,-4.016192,0.097279,0.366513,-0.023170,-3.218508,0.357638,0.952705,-0.300631,-0.107821,-0.032266,0.316244
-1.830769,-4.012498,0.101952,0.369430,-0.019638,-3.208980,0.353183,0.952792,-0.300956,-0.104688,-0.032493,0.313230
-1.829703,-4.008774,0.106602,0.372349,-0.016150,-3.199451,0.348747,0.952884,-0.301283,-0.101586,-0.032717,0.310209
-1.828591,-4.005022,0.111230,0.375269,-0.012707,-3.189921,0.344329,0.952982,-0.301613,-0.098514,-0.032937,0.307179
-1.827432,-4.001240,0.115837,0.378192,-0.009308,-3.180390,0.339929,0.953086,-0.301944,-0.095473,-0.033153,0.304142
-1.826228,-3.997429,0.120423,0.381117,-0.005952,-3.170858,0.335546,0.953195,-0.302278,-0.092462,-0.033366,0.301096
-1.824978,-3.993588,0.124988,0.384044,-0.002641,-3.161325,0.331180,0.953310,-0.302614,-0.089482,-0.033575,0.298042
-1.823683,-3.989718,0.129533,0.386973,0.000628,-3.151791,0.326830,0.953431,-0.302952,-0.086532,-0.033781,0.294980
-1.822342,-3.985819,0.134058,0.389906,0.003853,-3.142255,0.322497,0.953557,-0.303291,-0.083613,-0.033983,0.291910
-1.820956,-3.981891,0.138565,0.392841,0.007034,-3.132718,0.318179,0.953689,-0.303633,-0.080724,-0.034182,0.288831
-1.819526,-3.977933,0.143052,0.395778,0.010173,-3.123180,0.313876,0.953826,-0.303977,-0.077867,-0.034377,0.285743
-1.818051,-3.973946,0.147520,0.398719,0.013269,-3.113641,0.309588,0.953969,-0.304323,-0.075041,-0.034568,0.282647
-1.816531,-3.969929,0.151971,0.401663,0.016322,-3.104099,0.305314,0.954117,-0.304670,-0.072245,-0.034756,0.279542
-1.814967,-3.965883,0.156404,0.404610,0.019333,-3.094557,0.301054,0.954271,-0.305020,-0.069481,-0.034941,0.276427
-1.813359,-3.961808,0.160820,0.407561,0.022301,-3.085012,0.296808,0.954431,-0.305371,-0.066748,-0.035121,0.273304
-1.811707,-3.957703,0.165218,0.410515,0.025227,-3.075466,0.292575,0.954596,-0.305724,-0.064046,-0.035298,0.270171
-1.810011,-3.953568,0.169601,0.413472,0.028110,-3.065918,0.288355,0.954767,-0.306079,-0.061376,-0.035472,0.267029
-1.808271,-3.949404,0.173967,0.416434,0.030952,-3.056369,0.284147,0.954943,-0.306435,-0.058737,-0.035641,0.263877
-1.806488,-3.945210,0.178317,0.419399,0.033751,-3.046818,0.279951,0.955124,-0.306793,-0.056130,-0.035807,0.260716
-1.804661,-3.940986,0.182651,0.422369,0.036509,-3.037265,0.275767,0.955311,-0.307153,-0.053554,-0.035970,0.257545
-1.802792,-3.936733,0.186971,0.425342,0.039225,-3.027709,0.271594,0.955504,-0.307514,-0.051011,-0.036128,0.254364
-1.800879,-3.932450,0.191275,0.428321,0.041899,-3.018152,0.267432,0.955702,-0.307877,-0.048499,-0.036283,0.251172
-1.798923,-3.928137,0.195565,0.431303,0.044532,-3.008593,0.263281,0.955905,-0.308241,-0.046019,-0.036435,0.247971
-1.796925,-3.923794,0.199841,0.434290,0.047123,-2.999032,0.259141,0.956115,-0.308607,-0.043572,-0.036582,0.244759
-1.794884,-3.919421,0.204103,0.437282,0.049673,-2.989469,0.255010,0.956329,-0.308974,-0.041156,-0.036726,0.241537
-1.792800,-3.915018,0.208352,0.440279,0.052182,-2.979903,0.250889,0.956549,-0.309343,-0.038773,-0.036866,0.238304
-1.790674,-3.910585,0.212587,0.443281,0.054650,-2.970336,0.246777,0.956775,-0.309713,-0.036423,-0.037002,0.235060
-1.788506,-3.906122,0.216810,0.446288,0.057077,-2.960766,0.242675,0.957005,-0.310084,-0.034105,-0.037135,0.231806
2.667463,-5.216292,0.460040,-0.911435,1.115906,-4.460954,0.186411,0.958256,0.564683,-1.402084,-0.066731,-0.551875
2.672004,-5.225371,0.454190,-0.907924,1.117819,-4.451378,0.191355,0.957615,0.564024,-1.407632,-0.065876,-0.554748
2.676489,-5.234416,0.448422,-0.904397,1.119781,-4.441808,0.196213,0.956971,0.563374,-1.413208,-0.065016,-0.557635
2.680916,-5.243424,0.442734,-0.900855,1.121791,-4.432245,0.200985,0.956328,0.562733,-1.418813,-0.064149,-0.560537
2.685287,-5.252397,0.437126,-0.897298,1.123848,-4.422688,0.205672,0.955685,0.562100,-1.424448,-0.063277,-0.563454
2.689603,-5.261334,0.431596,-0.893728,1.125951,-4.413137,0.210276,0.955046,0.561476,-1.430112,-0.062397,-0.566387
2.693865,-5.270236,0.426143,-0.890147,1.128099,-4.403594,0.214797,0.954411,0.560861,-1.435805,-0.061511,-0.569335
2.698072,-5.279101,0.420767,-0.886555,1.130291,-4.394056,0.219236,0.953782,0.560255,-1.441528,-0.060618,-0.572300
2.702227,-5.287931,0.415465,-0.882953,1.132527,-4.384524,0.223594,0.953159,0.559658,-1.447281,-0.059718,-0.575280
2.706329,-5.296724,0.410238,-0.879343,1.134806,-4.374999,0.227872,0.952545,0.559069,-1.453063,-0.058811,-0.578277
2.710380,-5.305481,0.405083,-0.875726,1.137126,-4.365479,0.232071,0.951941,0.558490,-1.458876,-0.057896,-0.581290
2.714380,-5.314202,0.400000,-0.872102,1.139488,-4.355966,0.236191,0.951347,0.557921,-1.464720,-0.056973,-0.584321
2.718330,-5.322887,0.394988,-0.868473,1.141890,-4.346458,0.240234,0.950766,0.557360,-1.470593,-0.056043,-0.587369
2.722230,-5.331535,0.390046,-0.864839,1.144332,-4.336957,0.244199,0.950198,0.556809,-1.476498,-0.055104,-0.590435
2.726082,-5.340147,0.385171,-0.861201,1.146813,-4.327460,0.248089,0.949644,0.556268,-1.482433,-0.054157,-0.593518
2.729886,-5.348723,0.380365,-0.857561,1.149332,-4.317969,0.251904,0.949106,0.555736,-1.488399,-0.053201,-0.596620
2.733642,-5.357262,0.375625,-0.853919,1.151889,-4.308484,0.255645,0.948584,0.555213,-1.494396,-0.052237,-0.599740
2.737352,-5.365765,0.370950,-0.850275,1.154482,-4.299003,0.259312,0.948080,0.554701,-1.500425,-0.051263,-0.602880
2.741015,-5.374231,0.366339,-0.846630,1.157111,-4.289527,0.262906,0.947595,0.554198,-1.506485,-0.050280,-0.606038
2.744633,-5.382661,0.361792,-0.842986,1.159775,-4.280056,0.266429,0.947129,0.553705,-1.512578,-0.049287,-0.609216
2.748206,-5.391055,0.357308,-0.839343,1.162474,-4.270589,0.269879,0.946684,0.553222,-1.518702,-0.048284,-0.612414
2.751735,-5.399412,0.352884,-0.835701,1.165207,-4.261126,0.273260,0.946260,0.552749,-1.524858,-0.047271,-0.615632
2.755220,-5.407732,0.348521,-0.832060,1.167972,-4.251667,0.276570,0.945859,0.552287,-1.531047,-0.046248,-0.618870
2.758662,-5.416017,0.344218,-0.828423,1.170770,-4.242213,0.279811,0.945482,0.551835,-1.537268,-0.045214,-0.622129
2.762062,-5.424264,0.339973,-0.824789,1.173600,-4.232761,0.282984,0.945128,0.551393,-1.543522,-0.044169,-0.625409
2.765420,-5.432476,0.335786,-0.821158,1.176461,-4.223313,0.286088,0.944800,0.550962,-1.549809,-0.043112,-0.628711
2.768737,-5.440651,0.331655,-0.817531,1.179352,-4.213868,0.289125,0.944498,0.550542,-1.556130,-0.042044,-0.632035
2.772012,-5.448791,0.327580,-0.813910,1.182273,-4.204426,0.292096,0.944223,0.550132,-1.562484,-0.040964,-0.635381
2.775248,-5.456893,0.323560,-0.810293,1.185223,-4.194986,0.295000,0.943975,0.549733,-1.568871,-0.039872,-0.638749
2.778444,-5.464960,0.319593,-0.806682,1.188202,-4.185548,0.297838,0.943756,0.549345,-1.575292,-0.038767,-0.642141
2.781601,-5.472991,0.315680,-0.803077,1.191208,-4.176113,0.300612,0.943566,0.548969,-1.581748,-0.037649,-0.645556
2.784719,-5.480986,0.311819,-0.799478,1.194241,-4.166678,0.303320,0.943406,0.548604,-1.588238,-0.036518,-0.648994
2.787799,-5.488945,0.308009,-0.795886,1.197301,-4.157246,0.305965,0.943276,0.548250,-1.594763,-0.035373,-0.652457
2.790842,-5.496868,0.304250,-0.792301,1.200386,-4.147814,0.308545,0.943178,0.547908,-1.601322,-0.034214,-0.655944
2.793847,-5.504755,0.300541,-0.788724,1.203497,-4.138382,0.311063,0.943113,0.547578,-1.607917,-0.033040,-0.659456
2.796816,-5.512607,0.296880,-0.785154,1.206632,-4.128952,0.313517,0.943080,0.547259,-1.614547,-0.031852,-0.662993
2.799749,-5.520422,0.293267,-0.781593,1.209791,-4.119521,0.315909,0.943081,0.546953,-1.621212,-0.030648,-0.666556
2.802646,-5.528203,0.289702,-0.778040,1.212973,-4.110089,0.318239,0.943116,0.546658,-1.627914,-0.029429,-0.670145
2.805508,-5.535948,0.286183,-0.774496,1.216178,-4.100657,0.320507,0.943187,0.546376,-1.634651,-0.028193,-0.673761
2.808335,-5.543657,0.282710,-0.770960,1.219406,-4.091225,0.322714,0.943293,0.546107,-1.641425,-0.026942,-0.677403
2.811128,-5.551332,0.279282,-0.767434,1.222654,-4.081790,0.324860,0.943435,0.545850,-1.648236,-0.025673,-0.681073
2.813887,-5.558971,0.275898,-0.763918,1.225924,-4.072354,0.326944,0.943615,0.545606,-1.655084,-0.024386,-0.684771
2.816612,-5.566575,0.272558,-0.760411,1.229213,-4.062916,0.328968,0.943833,0.545376,-1.661969,-0.023082,-0.688497
2.819305,-5.574144,0.269260,-0.756914,1.232523,-4.053475,0.330931,0.944089,0.545158,-1.668891,-0.021760,-0.692252
2.821965,-5.581679,0.266005,-0.753427,1.235851,-4.044031,0.332835,0.944384,0.544954,-1.675852,-0.020418,-0.696036
2.824593,-5.589179,0.262791,-0.749950,1.239198,-4.034584,0.334678,0.944718,0.544763,-1.682850,-0.019057,-0.699850
2.827189,-5.596643,0.259618,-0.746484,1.242562,-4.025133,0.336461,0.945093,0.544586,-1.689887,-0.017676,-0.703694
2.829754,-5.604074,0.256485,-0.743028,1.245944,-4.015678,0.338184,0.945510,0.544424,-1.696963,-0.016275,-0.707569
2.832288,-5.611469,0.253391,-0.739583,1.249343,-4.006218,0.339848,0.945968,0.544275,-1.704077,-0.014852,-0.711475
2.834791,-5.618831,0.250336,-0.736150,1.252757,-3.996754,0.341452,0.946468,0.544141,-1.711232,-0.013408,-0.715412
2.837264,-5.626158,0.247319,-0.732727,1.256187,-3.987283,0.342996,0.947011,0.544022,-1.718425,-0.011941,-0.719382
2.839708,-5.633451,0.244340,-0.729316,1.259632,-3.977808,0.344481,0.947599,0.543917,-1.725659,-0.010452,-0.723384
2.842122,-5.640710,0.241397,-0.725915,1.263091,-3.968325,0.345906,0.948230,0.543828,-1.732933,-0.008939,-0.727420
2.844507,-5.647935,0.238491,-0.722527,1.266564,-3.958836,0.347271,0.948906,0.543754,-1.740248,-0.007401,-0.731489
2.846863,-5.655127,0.235620,-0.719150,1.270050,-3.949340,0.348577,0.949628,0.543695,-1.747604,-0.005839,-0.735593
2.849191,-5.662285,0.232785,-0.715784,1.273548,-3.939836,0.349822,0.950397,0.543653,-1.755002,-0.004251,-0.739732
2.851490,-5.669409,0.229984,-0.712431,1.277058,-3.930324,0.351008,0.951212,0.543626,-1.762441,-0.002637,-0.743906
2.853763,-5.676500,0.227217,-0.709089,1.280579,-3.920803,0.352133,0.952075,0.543616,-1.769922,-0.000996,-0.748116
2.856008,-5.683558,0.224484,-0.705759,1.284111,-3.911273,0.353198,0.952986,0.543623,-1.777445,0.000673,-0.752363
2.858225,-5.690582,0.221783,-0.702441,1.287653,-3.901734,0.354202,0.953946,0.543647,-1.785012,0.002371,-0.756647
2.860416,-5.697574,0.219114,-0.699135,1.291205,-3.892184,0.355145,0.954956,0.543688,-1.792622,0.004098,-0.760969
2.862581,-5.704532,0.216478,-0.695842,1.294765,-3.882624,0.356026,0.956016,0.543746,-1.800275,0.005856,-0.765329
2.864720,-5.711458,0.213872,-0.692560,1.298333,-3.873053,0.356846,0.957127,0.543823,-1.807972,0.007645,-0.769729
2.866833,-5.718350,0.211298,-0.689291,1.301909,-3.863470,0.357604,0.958290,0.543918,-1.815714,0.009466,-0.774168
2.868920,-5.725211,0.208753,-0.686034,1.305492,-3.853874,0.358300,0.959505,0.544031,-1.823500,0.011320,-0.778647
2.870983,-5.732038,0.206238,-0.682790,1.309082,-3.844267,0.358932,0.960773,0.544163,-1.831332,0.013208,-0.783168
2.873020,-5.738834,0.203753,-0.679558,1.312677,-3.834646,0.359501,0.962095,0.544314,-1.839209,0.015132,-0.787730
2.875033,-5.745597,0.201296,-0.676338,1.316277,-3.825011,0.360006,0.963471,0.544485,-1.847133,0.017091,-0.792334
2.877022,-5.752329,0.198868,-0.673131,1.319881,-3.815362,0.360446,0.964902,0.544676,-1.855103,0.019088,-0.796982
2.878986,-5.759028,0.196467,-0.669936,1.323489,-3.805698,0.360821,0.966390,0.544887,-1.863119,0.021123,-0.801673
2.880927,-5.765696,0.194094,-0.666753,1.327101,-3.796019,0.361130,0.967934,0.545119,-1.871183,0.023197,-0.806409
2.882845,-5.772332,0.191748,-0.663583,1.330714,-3.786324,0.361373,0.969535,0.545372,-1.879295,0.025312,-0.811189
2.884739,-5.778936,0.189428,-0.660426,1.334330,-3.776612,0.361548,0.971194,0.545647,-1.887455,0.027469,-0.816016
2.886610,-5.785509,0.187134,-0.657281,1.337946,-3.766882,0.361654,0.972912,0.545944,-1.895664,0.029669,-0.820890
2.888459,-5.792050,0.184866,-0.654148,1.341563,-3.757136,0.361692,0.974690,0.546263,-1.903922,0.031914,-0.825810
2.890285,-5.798560,0.182623,-0.651028,1.345180,-3.747370,0.361659,0.976528,0.546605,-1.912230,0.034205,-0.830779
2.892089,-5.805039,0.180405,-0.647921,1.348795,-3.737586,0.361555,0.978427,0.546970,-1.920588,0.036542,-0.835797
2.893872,-5.811488,0.178212,-0.644826,1.352409,-3.727782,0.361379,0.980387,0.547360,-1.928997,0.038929,-0.840864
2.895632,-5.817905,0.176042,-0.641743,1.356021,-3.717958,0.361130,0.982411,0.547773,-1.937457,0.041366,-0.845982
2.897371,-5.824292,0.173896,-0.638673,1.359629,-3.708113,0.360806,0.984498,0.548212,-1.945968,0.043855,-0.851151
2.899089,-5.830648,0.171773,-0.635616,1.363233,-3.698247,0.360407,0.986649,0.548676,-1.954532,0.046398,-0.856371
2.900786,-5.836974,0.169672,-0.632570,1.366832,-3.688358,0.359930,0.988865,0.549166,-1.963148,0.048995,-0.861645
2.902462,-5.843269,0.167595,-0.629538,1.370426,-3.678447,0.359375,0.991147,0.549682,-1.971818,0.051650,-0.866973
2.904117,-5.849534,0.165539,-0.626517,1.374013,-3.668512,0.358741,0.993495,0.550226,-1.980542,0.054364,-0.872354
2.905752,-5.855769,0.163505,-0.623509,1.377593,-3.658552,0.358025,0.995911,0.550797,-1.989320,0.057138,-0.877791
2.907367,-5.861974,0.161492,-0.620514,1.381166,-3.648568,0.357226,0.998394,0.551397,-1.998152,0.059976,-0.883285
2.908962,-5.868150,0.159500,-0.617530,1.384729,-3.638559,0.356343,1.000947,0.552026,-2.007041,0.062878,-0.888835
2.910537,-5.874295,0.157529,-0.614559,1.388283,-3.628523,0.355373,1.003570,0.552684,-2.015985,0.065847,-0.894442
2.912093,-5.880411,0.155578,-0.611600,1.391826,-3.618460,0.354316,1.006263,0.553373,-2.024986,0.068885,-0.900109
2.913629,-5.886497,0.153647,-0.608654,1.395358,-3.608370,0.353168,1.009028,0.554093,-2.034045,0.071995,-0.905834
2.915146,-5.892555,0.151736,-0.605719,1.398877,-3.598251,0.351928,1.011865,0.554845,-2.043161,0.075178,-0.911620
2.916645,-5.898583,0.149844,-0.602797,1.402383,-3.588104,0.350594,1.014775,0.555629,-2.052335,0.078438,-0.917467
2.918124,-5.904582,0.147971,-0.599887,1.405874,-3.577926,0.349163,1.017758,0.556447,-2.061569,0.081777,-0.923376
2.919586,-5.910552,0.146116,-0.596989,1.409351,-3.567718,0.347633,1.020816,0.557299,-2.070863,0.085198,-0.929347
2.921029,-5.916493,0.144280,-0.594103,1.412811,-3.557478,0.346003,1.023950,0.558186,-2.080216,0.088703,-0.935382
2.922453,-5.922405,0.142462,-0.591229,1.416254,-3.547207,0.344268,1.027159,0.559109,-2.089631,0.092295,-0.941481
2.923860,-5.928289,0.140661,-0.588366,1.419678,-3.536902,0.342427,1.030446,0.560069,-2.099108,0.095978,-0.947645
2.925249,-5.934144,0.138878,-0.585516,1.423083,-3.526564,0.340477,1.033809,0.561066,-2.108646,0.099754,-0.953875
2.926620,-5.939971,0.137112,-0.582678,1.426467,-3.516192,0.338415,1.037251,0.562103,-2.118248,0.103628,-0.960171
2.927974,-5.945769,0.135362,-0.579851,1.429829,-3.505784,0.336237,1.040772,0.563179,-2.127913,0.107601,-0.966534
4.213568,0.617719,0.974622,0.807435,-3.815424,-1.417321,-0.494749,0.762771,5.390137,1.822661,0.665827,-0.303226
4.223354,0.625837,0.978681,0.811809,-3.820367,-1.409692,-0.494271,0.762911,5.396749,1.819583,0.661235,-0.307803
4.233182,0.633999,0.982803,0.816216,-3.825305,-1.402062,-0.493795,0.763051,5.403315,1.816458,0.656580,-0.312413
4.243052,0.642205,0.986989,0.820657,-3.830238,-1.394430,-0.493319,0.763190,5.409834,1.813288,0.651861,-0.317058
4.252965,0.650457,0.991240,0.825134,-3.835166,-1.386796,-0.492845,0.763329,5.416305,1.810071,0.647076,-0.321739
4.262920,0.658753,0.995560,0.829646,-3.840090,-1.379162,-0.492372,0.763467,5.422727,1.806806,0.642223,-0.326455
4.272920,0.667095,0.999948,0.834194,-3.845009,-1.371526,-0.491900,0.763604,5.429100,1.803494,0.637299,-0.331208
4.282964,0.675483,1.004408,0.838780,-3.849923,-1.363888,-0.491430,0.763740,5.435422,1.800134,0.632304,-0.335999
4.293053,0.683917,1.008942,0.843403,-3.854833,-1.356250,-0.490960,0.763875,5.441695,1.796726,0.627234,-0.340827
4.303189,0.692398,1.013552,0.848065,-3.859738,-1.348609,-0.490492,0.764010,5.447916,1.793269,0.622087,-0.345696
4.313371,0.700925,1.018239,0.852767,-3.864638,-1.340968,-0.490024,0.764145,5.454084,1.789762,0.616863,-0.350604
4.323601,0.709500,1.023006,0.857509,-3.869534,-1.333325,-0.489558,0.764278,5.460200,1.786207,0.611557,-0.355553
4.333880,0.718123,1.027856,0.862292,-3.874425,-1.325681,-0.489093,0.764411,5.466261,1.782601,0.606167,-0.360543
4.344208,0.726795,1.032791,0.867117,-3.879311,-1.318036,-0.488629,0.764543,5.472268,1.778946,0.600692,-0.365577
4.354586,0.735514,1.037813,0.871985,-3.884193,-1.310389,-0.488166,0.764674,5.478220,1.775239,0.595128,-0.370653
4.365016,0.744283,1.042925,0.876897,-3.889070,-1.302741,-0.487704,0.764805,5.484114,1.771481,0.589472,-0.375775
4.375497,0.753102,1.048130,0.881854,-3.893942,-1.295092,-0.487243,0.764935,5.489952,1.767672,0.583722,-0.380942
4.386031,0.761971,1.053432,0.886856,-3.898810,-1.287441,-0.486783,0.765064,5.495730,1.763810,0.577875,-0.386155
4.396619,0.770890,1.058832,0.891905,-3.903673,-1.279789,-0.486325,0.765193,5.501450,1.759896,0.571927,-0.391415
4.407263,0.779860,1.064334,0.897002,-3.908532,-1.272136,-0.485867,0.765321,5.507108,1.755929,0.565876,-0.396724
4.417962,0.788881,1.069941,0.902147,-3.913386,-1.264482,-0.485411,0.765448,5.512705,1.751908,0.559717,-0.402083
4.428719,0.797955,1.075657,0.907342,-3.918236,-1.256826,-0.484956,0.765575,5.518240,1.747833,0.553448,-0.407491
4.439533,0.807080,1.081486,0.912587,-3.923081,-1.249169,-0.484501,0.765701,5.523711,1.743704,0.547063,-0.412952
4.450408,0.816259,1.087431,0.917884,-3.927921,-1.241511,-0.484048,0.765826,5.529116,1.739519,0.540561,-0.418465
4.461342,0.825492,1.093496,0.923233,-3.932757,-1.233851,-0.483596,0.765951,5.534455,1.735279,0.533936,-0.424031
4.472339,0.834778,1.099685,0.928636,-3.937588,-1.226190,-0.483145,0.766075,5.539727,1.730982,0.527184,-0.429652
4.483399,0.844119,1.106003,0.934094,-3.942415,-1.218528,-0.482695,0.766198,5.544930,1.726629,0.520300,-0.435330
4.494524,0.853515,1.112454,0.939608,-3.947238,-1.210865,-0.482246,0.766321,5.550063,1.722218,0.513281,-0.441064
4.505714,0.862967,1.119043,0.945179,-3.952056,-1.203201,-0.481798,0.766443,5.555124,1.717750,0.506120,-0.446856
4.516972,0.872475,1.125775,0.950808,-3.956869,-1.195535,-0.481352,0.766565,5.560112,1.713223,0.498814,-0.452707
4.528298,0.882040,1.132655,0.956495,-3.961679,-1.187868,-0.480906,0.766686,5.565025,1.708637,0.491355,-0.458619
4.539695,0.891662,1.139688,0.962243,-3.966483,-1.180200,-0.480461,0.766806,5.569863,1.703991,0.483739,-0.464592
4.551164,0.901343,1.146881,0.968053,-3.971283,-1.172531,-0.480018,0.766925,5.574623,1.699284,0.475960,-0.470628
4.562706,0.911082,1.154239,0.973924,-3.976079,-1.164860,-0.479575,0.767044,5.579303,1.694517,0.468012,-0.476728
4.574324,0.920881,1.161769,0.979859,-3.980870,-1.157189,-0.479134,0.767163,5.583902,1.689688,0.459887,-0.482892
4.586019,0.930739,1.169477,0.985858,-3.985657,-1.149516,-0.478693,0.767280,5.588418,1.684797,0.451578,-0.489122
4.597793,0.940658,1.177371,0.991923,-3.990440,-1.141842,-0.478254,0.767397,5.592848,1.679843,0.443080,-0.495419
4.609647,0.950639,1.185457,0.998054,-3.995218,-1.134167,-0.477815,0.767514,5.597192,1.674825,0.434383,-0.501783
4.621585,0.960681,1.193745,1.004252,-3.999992,-1.126491,-0.477378,0.767630,5.601447,1.669743,0.425479,-0.508216
4.633607,0.970787,1.202240,1.010519,-4.004761,-1.118813,-0.476942,0.767745,5.605611,1.664595,0.416361,-0.514719
4.645717,0.980955,1.210954,1.016854,-4.009526,-1.111135,-0.476506,0.767860,5.609681,1.659382,0.407018,-0.521291
4.657916,0.991188,1.219894,1.023258,-4.014287,-1.103455,-0.476072,0.767974,5.613656,1.654103,0.397443,-0.527935
4.670207,1.001485,1.229070,1.029733,-4.019043,-1.095774,-0.475639,0.768087,5.617532,1.648757,0.387623,-0.534650
4.682591,1.011848,1.238492,1.036278,-4.023796,-1.088092,-0.475206,0.768200,5.621307,1.643342,0.377550,-0.541436
4.695073,1.022277,1.248171,1.042894,-4.028543,-1.080409,-0.474775,0.768312,5.624979,1.637859,0.367211,-0.548295
4.707654,1.032773,1.258119,1.049580,-4.033287,-1.072725,-0.474345,0.768424,5.628545,1.632307,0.356595,-0.555225
4.720338,1.043336,1.268347,1.056337,-4.038026,-1.065039,-0.473916,0.768535,5.632002,1.626685,0.345689,-0.562227
4.733127,1.053968,1.278867,1.063164,-4.042761,-1.057353,-0.473488,0.768645,5.635347,1.620992,0.334481,-0.569300
4.746024,1.064668,1.289694,1.070060,-4.047492,-1.049665,-0.473060,0.768755,5.638577,1.615227,0.322956,-0.576443
4.759032,1.075438,1.300841,1.077025,-4.052218,-1.041977,-0.472634,0.768864,5.641688,1.609391,0.311100,-0.583654
4.772155,1.086279,1.312323,1.084057,-4.056941,-1.034287,-0.472209,0.768973,5.644677,1.603482,0.298897,-0.590933
4.785397,1.097190,1.324155,1.091154,-4.061658,-1.026596,-0.471785,0.769081,5.647540,1.597499,0.286331,-0.598276
4.798760,1.108174,1.336355,1.098313,-4.066372,-1.018904,-0.471362,0.769189,5.650274,1.591442,0.273385,-0.605681
4.812250,1.119229,1.348939,1.105531,-4.071081,-1.011211,-0.470939,0.769296,5.652874,1.585311,0.260040,-0.613145
4.825869,1.130357,1.361926,1.112804,-4.075786,-1.003517,-0.470518,0.769402,5.655337,1.579104,0.246278,-0.620662
4.839622,1.141558,1.375335,1.120128,-4.080487,-0.995822,-0.470098,0.769508,5.657658,1.572822,0.232078,-0.628227
4.853514,1.152833,1.389187,1.127497,-4.085184,-0.988126,-0.469679,0.769613,5.659832,1.566463,0.217419,-0.635834
4.867549,1.164182,1.403502,1.134903,-4.089877,-0.980429,-0.469261,0.769718,5.661855,1.560029,0.202279,-0.643474
4.881732,1.175606,1.418304,1.142339,-4.094565,-0.972731,-0.468843,0.769822,5.663721,1.553517,0.186635,-0.651139
4.896069,1.187104,1.433615,1.149794,-4.099249,-0.965032,-0.468427,0.769925,5.665426,1.546929,0.170462,-0.658817
4.910563,1.198676,1.449461,1.157257,-4.103930,-0.957331,-0.468012,0.770028,5.666963,1.540264,0.153735,-0.666495
4.925221,1.210323,1.465866,1.164714,-4.108605,-0.949630,-0.467597,0.770131,5.668327,1.533522,0.136430,-0.674157
4.940050,1.222045,1.482857,1.172147,-4.113277,-0.941928,-0.467184,0.770233,5.669512,1.526705,0.118517,-0.681785
4.955055,1.233840,1.500460,1.179539,-4.117945,-0.934224,-0.466771,0.770334,5.670512,1.519811,0.099971,-0.689357
4.970242,1.245709,1.518703,1.186867,-4.122609,-0.926520,-0.466360,0.770435,5.671320,1.512843,0.080764,-0.696848
4.985618,1.257650,1.537614,1.194104,-4.127268,-0.918815,-0.465949,0.770535,5.671928,1.505800,0.060868,-0.704229
5.001190,1.269662,1.557219,1.201220,-4.131924,-0.911108,-0.465540,0.770635,5.672331,1.498686,0.040256,-0.711465
5.016966,1.281744,1.577547,1.208179,-4.136575,-0.903401,-0.465131,0.770734,5.672520,1.491500,0.018902,-0.718518
5.032952,1.293893,1.598622,1.214940,-4.141222,-0.895693,-0.464723,0.770832,5.672488,1.484247,-0.003218,-0.725340
5.049157,1.306108,1.620469,1.221456,-4.145865,-0.887983,-0.464317,0.770930,5.672226,1.476928,-0.026126,-0.731878
5.065588,1.318385,1.643107,1.227670,-4.150505,-0.880273,-0.463911,0.771028,5.671728,1.469548,-0.049839,-0.738071
5.082253,1.330720,1.666555,1.233520,-4.155139,-0.872562,-0.463506,0.771125,5.670984,1.462109,-0.074369,-0.743849
5.099162,1.343109,1.690821,1.238932,-4.159770,-0.864850,-0.463102,0.771221,5.669987,1.454618,-0.099721,-0.749131
5.116321,1.355547,1.715910,1.243824,-4.164397,-0.857136,-0.462699,0.771317,5.668728,1.447080,-0.125891,-0.753824
5.133739,1.368028,1.741813,1.248100,-4.169020,-0.849422,-0.462297,0.771412,5.667200,1.439501,-0.152862,-0.757825
5.151423,1.380545,1.768512,1.251655,-4.173639,-0.841707,-0.461895,0.771507,5.665394,1.431891,-0.180602,-0.761019
5.169383,1.393089,1.795969,1.254369,-4.178254,-0.833991,-0.461495,0.771601,5.663303,1.424258,-0.209060,-0.763274
5.187624,1.405650,1.824130,1.256109,-4.182865,-0.826274,-0.461096,0.771695,5.660922,1.416614,-0.238163,-0.764448
5.206153,1.418217,1.852916,1.256731,-4.187472,-0.818556,-0.460697,0.771788,5.658244,1.408970,-0.267812,-0.764388
5.224976,1.430778,1.882220,1.256078,-4.192075,-0.810837,-0.460300,0.771881,5.655265,1.401341,-0.297876,-0.762927
5.244095,1.443318,1.911904,1.253984,-4.196674,-0.803118,-0.459903,0.771973,5.651983,1.393742,-0.328190,-0.759895
5.263513,1.455820,1.941794,1.250277,-4.201270,-0.795397,-0.459507,0.772064,5.648397,1.386191,-0.358551,-0.755116
5.283229,1.468268,1.971680,1.244785,-4.205861,-0.787676,-0.459112,0.772155,5.644510,1.378706,-0.388719,-0.748420
5.303243,1.480642,2.001310,1.237340,-4.210448,-0.779953,-0.458718,0.772246,5.640326,1.371310,-0.418413,-0.739650
5.323547,1.492920,2.030397,1.227792,-4.215031,-0.772230,-0.458325,0.772336,5.635853,1.364023,-0.447319,-0.728668
5.344133,1.505080,2.058620,1.216013,-4.219611,-0.764506,-0.457932,0.772425,5.631102,1.356869,-0.475095,-0.715371
5.364989,1.517099,2.085633,1.201911,-4.224186,-0.756780,-0.457541,0.772514,5.626088,1.349872,-0.501382,-0.699700
5.386100,1.528953,2.111076,1.185440,-4.228757,-0.749054,-0.457150,0.772602,5.620830,1.343056,-0.525820,-0.681648
5.407446,1.540619,2.134593,1.166611,-4.233325,-0.741328,-0.456760,0.772690,5.615349,1.336443,-0.548066,-0.661271
5.429004,1.552074,2.155849,1.145495,-4.237889,-0.733600,-0.456371,0.772777,5.609671,1.330056,-0.567809,-0.638687
5.450750,1.563297,2.174547,1.122230,-4.242449,-0.725871,-0.455983,0.772864,5.603823,1.323916,-0.584794,-0.614082
5.472654,1.574267,2.190447,1.097013,-4.247005,-0.718142,-0.455596,0.772950,5.597835,1.318039,-0.598833,-0.587695
5.494688,1.584968,2.203380,1.070096,-4.251557,-0.710411,-0.455209,0.773036,5.591737,1.312441,-0.609815,-0.559814
5.516820,1.595385,2.213256,1.041774,-4.256105,-0.702680,-0.454824,0.773121,5.585560,1.307133,-0.617713,-0.530755
5.539021,1.605509,2.220066,1.012367,-4.260649,-0.694948,-0.454439,0.773206,5.579334,1.302125,-0.622577,-0.500852
5.561260,1.615331,2.223876,0.982205,-4.265190,-0.687215,-0.454054,0.773290,5.573089,1.297420,-0.624528,-0.470433
5.583508,1.624847,2.224822,0.951611,-4.269726,-0.679481,-0.453671,0.773373,5.566852,1.293022,-0.623746,-0.439813
5.605739,1.634056,2.223093,0.920892,-4.274259,-0.671747,-0.453288,0.773456,5.560647,1.288929,-0.620454,-0.409276
5.627928,1.642959,2.218916,0.890320,-4.278788,-0.664011,-0.452906,0.773539,5.554498,1.285138,-0.614900,-0.379071
5.650054,1.651560,2.212543,0.860135,-4.283313,-0.656275,-0.452525,0.773621,5.548425,1.281644,-0.607349,-0.349409
1.742519,-1.413286,0.810756,-0.806657,-2.138439,-5.250507,-0.772668,-0.623115,-1.758933,-0.409180,-0.314855,0.609750
1.750607,-1.421353,0.808875,-0.806720,-2.146161,-5.256725,-0.772131,-0.621818